{"text": " Ahora s\u00ed, respond\u00e9me de vuelta con \u00e9l y operar hicimos que chas.", "segments": [{"id": 0, "seek": 0, "start": 0.0, "end": 4.0, "text": " Ahora s\u00ed, respond\u00e9me de vuelta con \u00e9l y operar hicimos que chas.", "tokens": [50364, 18840, 8600, 11, 4196, 526, 1398, 368, 41542, 416, 11810, 288, 2208, 289, 23697, 8372, 631, 417, 296, 13, 50564], "temperature": 0.0, "avg_logprob": -0.8045008399269797, "compression_ratio": 0.9054054054054054, "no_speech_prob": 0.2392202466726303}], "language": "es"}